id,first_name,last_name,email,gender,id_medicare
1,Noami,Stackbridge,nstackbridge0@privacy.gov.au,Female,1CH3AQ0XP12
2,Zulema,Veazey,zveazey1@skype.com,Female,7U41HQ4JE02
3,Abram,Muge,amuge2@archive.org,Male,3GG2U34UE88
4,Georgeanna,Hoggan,ghoggan3@google.cn,Female,2YK6MF5HW26
5,Stefa,Harsant,sharsant4@vk.com,Female,5JK1NX2NU84
6,Lowe,O'Flannery,loflannery5@stumbleupon.com,Male,2PC6DK1DT54
7,Turner,Brewitt,tbrewitt6@de.vu,Male,5Q88YF2HG05
8,Faith,Reside,freside7@si.edu,Female,8H35HR8VY30
9,Raina,Giddens,rgiddens8@e-recht24.de,Female,9MW1XC6FK98
10,Abbye,Garric,agarric9@yahoo.com,Female,3PG2AC7QU95
11,Tobiah,Vinas,tvinasa@ox.ac.uk,Male,1X98AH9RR37
12,Cherida,Scapens,cscapensb@csmonitor.com,Female,9DP9NE2JT14
13,Ky,Zupone,kzuponec@live.com,Male,5HP6ET1XK71
14,Hube,Wringe,hwringed@tumblr.com,Male,9YU4TT4UC99
15,Evangelin,Fantonetti,efantonettie@php.net,Female,7PQ3EE0PJ80
16,Jessika,Stammler,jstammlerf@state.tx.us,Female,3MM8FP6HH03
17,Vite,Rymill,vrymillg@columbia.edu,Male,2NJ7WA2GK57
18,Davidde,Ruby,drubyh@quantcast.com,Male,2G09TW3RW09
19,Florance,Hayes,fhayesi@hhs.gov,Female,7N07J14EY07
20,Tabbie,Allatt,tallattj@qq.com,Male,2CE8TV1XV42
21,Gretna,Kirsopp,gkirsoppk@sciencedirect.com,Female,6FQ7QY0FV85
22,Rici,Steanson,rsteansonl@yolasite.com,Female,2FN3AU9GQ85
23,Eldin,Handrek,ehandrekm@hubpages.com,Agender,3GT5KR8JA75
24,Augusto,Jevons,ajevonsn@bing.com,Male,2AH4TT7QM85
25,Matthaeus,Harriagn,mharriagno@php.net,Male,2AU0N97GE41
26,Sara-ann,Guile,sguilep@comsenz.com,Female,6PJ8UM1VX57
27,Jenda,Duffield,jduffieldq@go.com,Female,9G02MJ5FT97
28,Marcello,Winders,mwindersr@arstechnica.com,Male,3UH6PH6AX50
29,Ragnar,Niese,rnieses@nymag.com,Male,1TF0D90AG73
30,Paola,Genge,pgenget@dropbox.com,Female,4E64AM2WF86
31,Ashely,Cheston,achestonu@google.nl,Female,8NQ8UU4XD99
32,Sheffy,Follitt,sfollittv@ovh.net,Male,6FV2R25TT25
33,Saunderson,Trathan,strathanw@mozilla.org,Male,2YD9HD1YA38
34,Lek,Douch,ldouchx@amazon.de,Male,4MQ1JU2YF58
35,Baudoin,Stovine,bstoviney@mit.edu,Male,8G35NT4UG21
36,Gaylor,Flew,gflewz@surveymonkey.com,Agender,1XE4Q20NE71
37,Saundra,Davidovics,sdavidovics10@netvibes.com,Male,4HD7DE8WY33
38,Hugh,MacEveley,hmaceveley11@dropbox.com,Male,3F71MH9NA17
39,Dale,Humphries,dhumphries12@globo.com,Female,9YT1FK9YR94
40,Brendan,Exon,bexon13@google.com.hk,Male,2N04G82PC78
41,Jacquenetta,Ellit,jellit14@cloudflare.com,Bigender,7FG4Y25FT60
42,Kaylee,Huckel,khuckel15@sbwire.com,Female,7VW9QH2YK40
43,Marissa,Teaz,mteaz16@google.com.br,Female,9MV3QJ6AU60
44,Helen,Balassa,hbalassa17@nsw.gov.au,Female,2UE3WW6DN95
45,Cornela,Sotham,csotham18@vistaprint.com,Female,5W46QF5CN37
46,Davidson,Goodwyn,dgoodwyn19@cloudflare.com,Male,2GR5PC6FR01
47,Chick,Whitham,cwhitham1a@ox.ac.uk,Male,2W09VG4KY10
48,Serene,Heigold,sheigold1b@uiuc.edu,Female,9DU7VE9GT67
49,Ely,Benneyworth,ebenneyworth1c@imgur.com,Male,8XC1XU3EH83
50,Jackquelin,Rimes,jrimes1d@mapquest.com,Female,7A28RM3EW17
51,Hussein,Stein,hstein1e@google.nl,Male,4DN5RK2MQ95
52,Xaviera,Norcross,xnorcross1f@bloglines.com,Female,7Y35NM6ED22
53,Farlay,Oxborrow,foxborrow1g@1688.com,Male,1C65XN6UD90
54,Annelise,Crabtree,acrabtree1h@geocities.jp,Female,6U54WV1WC83
55,Zaneta,Seear,zseear1i@mac.com,Female,3TT7EM0XX39
56,Vinnie,Mattiello,vmattiello1j@mayoclinic.com,Male,5EQ4NV1JC57
57,Ralf,Pears,rpears1k@telegraph.co.uk,Male,1WP0JV3GV87
58,Nadine,Veldman,nveldman1l@google.com.br,Female,1RC5J82UX47
59,Gabby,Marte,gmarte1m@noaa.gov,Male,4KG1PJ2HE57
60,Sinclair,Feronet,sferonet1n@nbcnews.com,Male,5HE6NM5QH88
61,Chaddie,Bleackly,cbleackly1o@dropbox.com,Male,5RM7JD3GY51
62,Marcelline,Corzon,mcorzon1p@nhs.uk,Female,7FH6AJ3VV48
63,Enos,Cordeiro,ecordeiro1q@alexa.com,Male,4TH9D10NG14
64,Mic,di Rocca,mdirocca1r@fda.gov,Male,4MD7KG3AM22
65,Collete,Merton,cmerton1s@bloomberg.com,Female,1JW2X85HE65
66,Kristofor,Dewer,kdewer1t@creativecommons.org,Male,1G92E07WT51
67,Lucais,Rustich,lrustich1u@umn.edu,Polygender,7V19GX2AR01
68,Zeke,Bendixen,zbendixen1v@alexa.com,Male,9W21QU3CW50
69,Sheela,Tinker,stinker1w@globo.com,Female,9U85TH1JX64
70,Kylie,Stellin,kstellin1x@symantec.com,Bigender,7N94MY7VV00
71,Papagena,Blofeld,pblofeld1y@stanford.edu,Female,9VU9X75EJ70
72,Gladi,Hainey,ghainey1z@pen.io,Female,2QJ7UJ2CT23
73,Karrah,Chivrall,kchivrall20@npr.org,Female,7XG4M60NE33
74,Woodman,Gabbitis,wgabbitis21@umich.edu,Male,8N21WY3XF87
75,Raven,Pavluk,rpavluk22@answers.com,Female,9EK3DN6DD94
76,Annamaria,MacCleay,amaccleay23@edublogs.org,Female,3QN2G88RV06
77,Merle,O'Keenan,mokeenan24@sina.com.cn,Male,9JU4MT7DN71
78,Nyssa,Vedyaev,nvedyaev25@addtoany.com,Female,3C00JP4NE71
79,Gabe,Rodgier,grodgier26@youtube.com,Male,3V15DE6YY32
80,Nataline,Bumphrey,nbumphrey27@dot.gov,Female,9HY6G89KY57
81,Yehudi,Bevir,ybevir28@mayoclinic.com,Agender,4F53NN0WD61
82,Maude,Inchbald,minchbald29@ow.ly,Female,4C02WP2KH94
83,Tim,Halt,thalt2a@cpanel.net,Female,2AJ1YA5NT31
84,Amalle,Reeman,areeman2b@cnn.com,Female,1RY4QR5JM89
85,Obed,Beedon,obeedon2c@shareasale.com,Male,1GM5NV6DH15
86,Goddart,Moodie,gmoodie2d@flavors.me,Male,5A28MH4CM19
87,Roman,Brunnstein,rbrunnstein2e@ask.com,Male,9QW9CP1VG01
88,Hillard,Lovelace,hlovelace2f@nsw.gov.au,Male,8MM0JQ4GX46
89,Toni,Praton,tpraton2g@yelp.com,Female,3Q04AH7DP28
90,Barn,Croucher,bcroucher2h@tamu.edu,Male,6NH0QA6XY48
91,Gaye,Ivanenko,givanenko2i@photobucket.com,Female,3JJ7TR2MK20
92,Madelle,Kusick,mkusick2j@biblegateway.com,Female,3U37QR5EX79
93,Errick,Portis,eportis2k@weather.com,Male,5NH0V08UX50
94,Martie,Behnecken,mbehnecken2l@moonfruit.com,Male,5J68AC9XQ53
95,Yehudi,Ivanets,yivanets2m@google.pl,Male,9RN8YU8YX35
96,Minne,Antowski,mantowski2n@geocities.jp,Female,4FR8KY7XK19
97,Hansiain,McBoyle,hmcboyle2o@phoca.cz,Male,2RH2WY2HH52
98,Bunnie,Van der Daal,bvanderdaal2p@dell.com,Female,9QV0DT5PX08
99,Ford,Snugg,fsnugg2q@redcross.org,Male,5QM2T92GN68
100,Owen,Tue,otue2r@un.org,Male,4Q66D74GR38
101,Silvio,Caplen,scaplen2s@hugedomains.com,Male,9MC8JH4YV09
102,Benjamin,Longstreet,blongstreet2t@exblog.jp,Male,3G94WU7WR65
103,Vittorio,Walby,vwalby2u@acquirethisname.com,Male,5MP3EG5RC95
104,Temp,Risbridger,trisbridger2v@cornell.edu,Male,1U34PJ4CH29
105,Giselbert,McIsaac,gmcisaac2w@irs.gov,Male,1HV8D74WV79
106,Brant,Barca,bbarca2x@squarespace.com,Male,3P22GU4VG00
107,Leif,Tie,ltie2y@vkontakte.ru,Male,3WM9QW9UT04
108,Lotty,Puttnam,lputtnam2z@tripod.com,Female,5RJ7WC7GV26
109,Garrek,Stronach,gstronach30@hhs.gov,Male,5GG2FK1RY04
110,Dana,Laying,dlaying31@123-reg.co.uk,Non-binary,8DD9EC1TU96
111,Alicia,Phipp,aphipp32@yahoo.co.jp,Female,2RE4HF2RR61
112,Sandie,Klement,sklement33@businesswire.com,Female,5MR3NY3MD94
113,Courtney,Holbarrow,cholbarrow34@cbc.ca,Male,1XH5CA3EJ00
114,Boigie,Raatz,braatz35@yandex.ru,Male,4TX2DP8YG57
115,Sumner,McCosh,smccosh36@google.com.br,Bigender,6DT0EF4NQ86
116,Ralina,Petyakov,rpetyakov37@eepurl.com,Female,7VK8G98QR95
117,Alvis,Camp,acamp38@techcrunch.com,Male,5V38E89CY48
118,Kenon,Boakes,kboakes39@stanford.edu,Male,7P86VR3FT17
119,Yettie,Grimestone,ygrimestone3a@archive.org,Female,3W43FR9NY38
120,Sebastiano,O'Cannovane,socannovane3b@java.com,Male,8EP3KG0YA67
121,Christin,Eberz,ceberz3c@tmall.com,Female,9ME7HK3FD56
122,Sutton,Paulusch,spaulusch3d@1688.com,Male,6EN7E99WD36
123,Costa,Osborne,cosborne3e@nsw.gov.au,Male,2VE7F88CG09
124,Zsa zsa,Thaim,zthaim3f@jigsy.com,Female,3PW4MD7TF00
125,Alwyn,Hebdon,ahebdon3g@shareasale.com,Male,1W05E34KW87
126,Garrott,Lambert,glambert3h@yelp.com,Male,6T32MU5WU56
127,Eulalie,Syrad,esyrad3i@ow.ly,Agender,7J51F82QC18
128,Livia,Nurny,lnurny3j@t-online.de,Female,3VJ7FN6AE03
129,Nobe,Litzmann,nlitzmann3k@macromedia.com,Male,9PW5VN6WU76
130,Claiborn,Casseldine,ccasseldine3l@netlog.com,Male,7AD4Y08WD42
131,Conchita,Durand,cdurand3m@reference.com,Female,1FM5JE3YW33
132,Giacopo,Rothwell,grothwell3n@un.org,Male,1UM6QE6CN36
133,Wright,George,wgeorge3o@gizmodo.com,Male,5CN9W22EA07
134,Aldridge,Wooffinden,awooffinden3p@foxnews.com,Male,2CV5FN2DC09
135,Randolph,Mathiassen,rmathiassen3q@shutterfly.com,Male,5AT0UG5YT44
136,Ricki,Schulz,rschulz3r@utexas.edu,Genderfluid,3N74R58DC46
137,Waylen,Bool,wbool3s@e-recht24.de,Male,1FA8EQ7TF27
138,Delores,Chappel,dchappel3t@constantcontact.com,Female,4FX8DQ7TY46
139,Alyson,Doyley,adoyley3u@sfgate.com,Female,4KD7J27PJ45
140,Gage,Kernaghan,gkernaghan3v@ted.com,Male,4HD0NR1TJ13
141,Gale,Brame,gbrame3w@issuu.com,Female,9XE5D86AT96
142,Annice,Sloyan,asloyan3x@skype.com,Female,4V41MV0HC25
143,Kaye,Dunnan,kdunnan3y@woothemes.com,Female,1EX4UH5HA34
144,Linzy,Pirrey,lpirrey3z@chicagotribune.com,Female,1X34T15UE50
145,Chloette,Amori,camori40@skyrock.com,Female,2A51KJ7KF59
146,Anica,Newiss,anewiss41@sakura.ne.jp,Female,2M50FT1HE17
147,Avery,Granleese,agranleese42@newsvine.com,Male,9RK1F36EM07
148,Freda,Howard,fhoward43@bluehost.com,Female,8Y78YK5YT05
149,Marlon,Crighton,mcrighton44@springer.com,Male,8GQ3EW1RJ19
150,Ashlie,Osbiston,aosbiston45@rediff.com,Female,1DD6HD4HU05
151,Alejandro,Picken,apicken46@deviantart.com,Male,4YQ8JE9PJ34
152,Katherine,Marczyk,kmarczyk47@clickbank.net,Genderqueer,6KH2E80TD31
153,Aurel,Browning,abrowning48@omniture.com,Female,9HQ3T19RY59
154,Aldrich,McKelvey,amckelvey49@nih.gov,Male,6V97PP0QV54
155,Duncan,MacAllister,dmacallister4a@vk.com,Male,8N96D99FN07
156,Lucius,Chipp,lchipp4b@nba.com,Male,5CV1CJ1YQ31
157,Deloria,Constantinou,dconstantinou4c@webs.com,Female,2VC3CQ8JJ92
158,Hendrick,Charlwood,hcharlwood4d@uiuc.edu,Male,9JA2PW3MJ92
159,Kenneth,Blankau,kblankau4e@wp.com,Male,6U87RA0YU46
160,Becka,Rumble,brumble4f@samsung.com,Female,8HJ4WY7RW24
161,Willie,Cohr,wcohr4g@cnn.com,Female,6H24NV6WT21
162,Artair,Maxwale,amaxwale4h@squarespace.com,Male,1K87R39DK77
163,Merrie,Hellin,mhellin4i@google.com,Female,4VH9HK9AN29
164,Luise,Morales,lmorales4j@fotki.com,Bigender,5JD3YW4FC89
165,Stormy,Mollin,smollin4k@tumblr.com,Female,8DU5C01PR56
166,Marja,Burdfield,mburdfield4l@imageshack.us,Bigender,8MH6GJ7TK32
167,Wylma,Giacobbo,wgiacobbo4m@un.org,Female,4MR4YA9RC23
168,Victor,Rosenhaus,vrosenhaus4n@seesaa.net,Male,8TT6ME2FT87
169,Skell,Toone,stoone4o@dedecms.com,Male,5JR2RD5GU54
170,Clemmie,Canto,ccanto4p@over-blog.com,Female,9G69D97NG97
171,Gabriel,Tremblot,gtremblot4q@foxnews.com,Male,8HC1PG5NT15
172,Cordey,Brailsford,cbrailsford4r@bloglovin.com,Female,4X49RG7JG50
173,Ric,Littlewood,rlittlewood4s@cisco.com,Male,2YP7TD5WN91
174,Jennifer,Brusby,jbrusby4t@shop-pro.jp,Female,5QX0WV8CE73
175,Denys,Shuttell,dshuttell4u@xinhuanet.com,Male,7Y56DX5PD85
176,Nikolos,Copyn,ncopyn4v@elegantthemes.com,Male,1UP8M06RE26
177,Cecil,Garlant,cgarlant4w@artisteer.com,Female,2PN8RC2QC51
178,Carmen,Demschke,cdemschke4x@marketwatch.com,Female,5U26QM9EC47
179,Allissa,Kerbey,akerbey4y@yolasite.com,Female,6FQ1UY2CG45
180,Tawnya,Feacham,tfeacham4z@columbia.edu,Female,9YT9JC6WM66
181,Jammie,Echalier,jechalier50@illinois.edu,Female,4YG6M54UF60
182,Frans,Giffkins,fgiffkins51@mashable.com,Male,7H52XN0RK53
183,Emma,Aubray,eaubray52@naver.com,Female,9P35FD0QX26
184,Aldo,Divine,adivine53@dell.com,Male,3JC2CX8EA63
185,Tully,Scrancher,tscrancher54@ehow.com,Male,8FK0XT7VG08
186,Merci,Jenkerson,mjenkerson55@jugem.jp,Female,3TP3GF4RV55
187,Fidole,Pignon,fpignon56@seesaa.net,Male,9G47G36MW88
188,Jolie,Moralee,jmoralee57@aboutads.info,Female,7WY9HU8JK23
189,Idette,Tinsley,itinsley58@unc.edu,Female,7FX7R42CG83
190,Vanda,McPhillips,vmcphillips59@hatena.ne.jp,Female,1G33A89HF40
191,Anya,Bushaway,abushaway5a@chron.com,Female,2HP4GR7UA67
192,Donna,Mardoll,dmardoll5b@smugmug.com,Female,9D79RX7FP69
193,Ethe,Wandrack,ewandrack5c@alexa.com,Male,9PC4EE0JE65
194,Luella,Climar,lclimar5d@disqus.com,Genderfluid,4XW7TT2VE06
195,Caty,Grimm,cgrimm5e@studiopress.com,Female,7KG8U92WV52
196,Clarence,Oakhill,coakhill5f@berkeley.edu,Male,7X26UJ0RA80
197,Jaymie,Issatt,jissatt5g@tripod.com,Male,1Q09DY1WQ34
198,Arie,Paulig,apaulig5h@dmoz.org,Male,3NU3YH1XV14
199,Hanny,Riccardini,hriccardini5i@vkontakte.ru,Female,4N95FN5FN65
200,Aurilia,Dowyer,adowyer5j@alibaba.com,Female,1U81T08MX21
201,Harland,Lightbown,hlightbown5k@godaddy.com,Male,8TF2N95AM52
202,Maisey,Ruff,mruff5l@gravatar.com,Female,4HD3H63GR63
203,Christel,Mawne,cmawne5m@aboutads.info,Female,8ER6XR4VY42
204,Mordy,O'Neary,moneary5n@theglobeandmail.com,Male,9EE3EH0JF52
205,Lorilyn,Dunk,ldunk5o@myspace.com,Female,4K34X49KQ86
206,Chaunce,Cabel,ccabel5p@booking.com,Male,7R66E93PP49
207,Townie,Kiln,tkiln5q@ucsd.edu,Male,4AK6WD6RP66
208,Klara,Leser,kleser5r@harvard.edu,Bigender,2UY9XT4JA90
209,Saunderson,Durban,sdurban5s@apache.org,Male,4XA7FR6TC90
210,Jarvis,Bootes,jbootes5t@myspace.com,Male,3HC7FH9GJ08
211,Jacquie,Troy,jtroy5u@phpbb.com,Female,1TR4PD8RD88
212,Rickey,Russell,rrussell5v@alexa.com,Male,1P72X75GH72
213,Hannie,Lumm,hlumm5w@shinystat.com,Female,9YP6QW2MF50
214,Boony,Booty,bbooty5x@youtu.be,Male,3CJ5P41MR02
215,Robin,Spaight,rspaight5y@prnewswire.com,Male,1R16UA8RC08
216,Marci,Closs,mcloss5z@uiuc.edu,Female,2A06YF6FN77
217,Sebastien,Pykerman,spykerman60@tripod.com,Male,9MG7FN2XT48
218,Remy,Sweeney,rsweeney61@1und1.de,Female,2TT4U85DJ95
219,Julissa,Povey,jpovey62@epa.gov,Female,9F76P07DT62
220,Oralee,Macci,omacci63@admin.ch,Female,5W28NV2HW89
221,Tallou,Hebborn,thebborn64@infoseek.co.jp,Female,7KG4K47TY84
222,Barbie,Sankey,bsankey65@mayoclinic.com,Female,2XM2CJ6DM87
223,Glennis,Saville,gsaville66@toplist.cz,Female,7UG6RK5MH66
224,Fairleigh,Brosh,fbrosh67@mlb.com,Male,3UM7Q31DN02
225,Erich,Note,enote68@yale.edu,Agender,1R39RR0VE78
226,Jehanna,Crewe,jcrewe69@cnn.com,Polygender,3X64N20RH96
227,Gabby,Wager,gwager6a@abc.net.au,Male,4MD4HT6HG60
228,Yolande,Florey,yflorey6b@ftc.gov,Female,1WU4PA1AR29
229,Joy,Chadwin,jchadwin6c@hugedomains.com,Female,1QG4J05FT31
230,Corbie,Masser,cmasser6d@slate.com,Male,9J45GR9FV12
231,Nehemiah,Mushet,nmushet6e@reverbnation.com,Male,7WG0XJ9RJ96
232,Sabra,Yellowlee,syellowlee6f@washington.edu,Female,3FF5W21NV86
233,Dani,Jirusek,djirusek6g@ftc.gov,Female,8YH0YF2XR96
234,Darla,Coffee,dcoffee6h@stanford.edu,Female,2Q33FN3HV20
235,Ebeneser,Say,esay6i@cnet.com,Male,3HP4H20KY24
236,Yul,Crowcum,ycrowcum6j@timesonline.co.uk,Male,7YV6PA8AV08
237,Cointon,Flower,cflower6k@sbwire.com,Non-binary,9F08RJ3RX75
238,Virgie,Ambroix,vambroix6l@trellian.com,Male,6WF9KG0EX10
239,Fleming,Tape,ftape6m@google.es,Male,8T25T17CG57
240,Thomasine,Casado,tcasado6n@myspace.com,Female,4K93YN5JK36
241,Emmi,Marklew,emarklew6o@tinypic.com,Female,7C83V68EF26
242,Laurene,Tales,ltales6p@un.org,Female,8MU2UK2GQ16
243,Violette,Barthelmes,vbarthelmes6q@lulu.com,Female,2MT4QA1VH41
244,Tawsha,Crummay,tcrummay6r@cyberchimps.com,Non-binary,4Q65RM4DA25
245,Vince,Gleder,vgleder6s@gravatar.com,Male,5CR5H53AY44
246,Diann,Senner,dsenner6t@sitemeter.com,Female,6PE5D15HC69
247,Ebba,Gascoyne,egascoyne6u@ebay.co.uk,Female,9EG3G68PY32
248,Lotte,Kilgrove,lkilgrove6v@reference.com,Female,3H72Y84RA71
249,Madeleine,Baraclough,mbaraclough6w@amazonaws.com,Female,2MX3RV3YE56
250,Jaime,Davidofski,jdavidofski6x@surveymonkey.com,Non-binary,4DR0CG8XA39
251,Darice,Bennallck,dbennallck6y@hc360.com,Female,2MR7RP1QN75
252,Gavan,Katz,gkatz6z@go.com,Male,5YW1KX6ME46
253,Saundra,Scandwright,sscandwright70@chronoengine.com,Male,9JP6H12DE93
254,Hodge,Brownsworth,hbrownsworth71@china.com.cn,Male,5Y31CW0AJ16
255,Katusha,Reddy,kreddy72@businesswire.com,Female,2YK4V71CU17
256,Zandra,Yatman,zyatman73@nps.gov,Female,6V89UX9XP25
257,Suki,Pieroni,spieroni74@joomla.org,Female,9D63YW7JA51
258,Bobine,Chaldecott,bchaldecott75@java.com,Female,9G20K81RX02
259,Sallyanne,Poland,spoland76@behance.net,Female,2YV5DU3YK78
260,Lynette,Oley,loley77@lycos.com,Female,6KF7R30UX97
261,Beale,Iddison,biddison78@cnn.com,Male,5RP1HP3PC22
262,Jaime,Gerrit,jgerrit79@bloglovin.com,Female,3YM1U95PA57
263,Mendel,Standrin,mstandrin7a@wufoo.com,Male,8XR3TG5UJ44
264,Pier,Forsdicke,pforsdicke7b@cisco.com,Female,8HT4TF2KQ99
265,Vlad,Hedditch,vhedditch7c@newyorker.com,Male,7PJ0PD5WE28
266,Jamima,Rassell,jrassell7d@trellian.com,Female,8E81PA4XW58
267,Leonidas,Manuel,lmanuel7e@yahoo.com,Male,4N65W21AN80
268,Magda,De Vaux,mdevaux7f@webeden.co.uk,Female,2EK5FV1MG15
269,Allison,Ruthen,aruthen7g@geocities.com,Female,5N67YE2FY02
270,Mariel,Stedall,mstedall7h@bbb.org,Female,6XA7JE2AF98
271,Kamillah,Janaszewski,kjanaszewski7i@mashable.com,Female,2RW2X77CU68
272,Dolores,Lupton,dlupton7j@artisteer.com,Female,6RF2U49DU88
273,Linzy,Andreone,landreone7k@adobe.com,Female,6N64RJ7VC20
274,Alex,Stile,astile7l@oakley.com,Male,4UA5UR2CG83
275,Dannie,Dykes,ddykes7m@cisco.com,Male,4J26Q07AW28
276,Darcey,Stobart,dstobart7n@yale.edu,Female,7J46AR2WW22
277,Dunn,Bagworth,dbagworth7o@vinaora.com,Male,4UN9VF0FP65
278,Mariann,Liversidge,mliversidge7p@example.com,Female,6HE5A65DY23
279,Sherm,Pierrepoint,spierrepoint7q@free.fr,Male,4N62Q30XC72
280,Tabbitha,Muat,tmuat7r@yale.edu,Female,8MV7N79YJ31
281,Griswold,Pearde,gpearde7s@storify.com,Male,2YP1HE2DC91
282,Portie,Schrinel,pschrinel7t@dagondesign.com,Male,2VA2VG0CJ08
283,Xaviera,Chettle,xchettle7u@tinyurl.com,Female,3MD0GM0XV36
284,Brandie,Pedley,bpedley7v@china.com.cn,Female,6TU2JG4PK77
285,Barthel,Van Castele,bvancastele7w@imageshack.us,Agender,2EW5NT6HM33
286,Ddene,Habishaw,dhabishaw7x@slideshare.net,Female,1PV0JH7QQ73
287,Ruy,Beachamp,rbeachamp7y@china.com.cn,Male,7UU4W40YE63
288,Ernest,Feilden,efeilden7z@springer.com,Male,8H22MD2MP75
289,Kyle,Teasdale-Markie,kteasdalemarkie80@bbc.co.uk,Male,2WK1X98NV96
290,Eilis,Aslum,easlum81@hhs.gov,Female,3TX9D85EP57
291,Fiorenze,Greenrde,fgreenrde82@hc360.com,Female,4GN4CX5FD43
292,Fernanda,Fillan,ffillan83@ox.ac.uk,Female,9KF9GU0QV10
293,Case,Duplock,cduplock84@nasa.gov,Male,3E89M53TN08
294,Hortense,Formilli,hformilli85@japanpost.jp,Female,9R21TF5QF31
295,Pammie,Brehault,pbrehault86@disqus.com,Female,7P59MW0YG52
296,Ninette,Langcaster,nlangcaster87@gravatar.com,Bigender,4KK7C19FT00
297,Bil,Picardo,bpicardo88@usda.gov,Male,9G29K57RV07
298,Welsh,Awty,wawty89@lycos.com,Male,5TE2EC0WY74
299,Pauly,Pharro,ppharro8a@japanpost.jp,Male,3TK0H10QQ90
300,Hilliary,Jarrell,hjarrell8b@foxnews.com,Genderfluid,1DW1XV7FU70
301,Merl,Beckson,mbeckson8c@answers.com,Female,5XU0QQ0YY48
302,Lesly,Lamplugh,llamplugh8d@squidoo.com,Female,6HT2DT7PF84
303,Spencer,Patman,spatman8e@ebay.co.uk,Male,1PY0UY1NT01
304,Vlad,Middlemass,vmiddlemass8f@state.gov,Male,6YW9DG4RA03
305,Annalee,Witul,awitul8g@nature.com,Female,8V39M51TX37
306,Angel,Wallwood,awallwood8h@csmonitor.com,Male,1E43MA1HE29
307,Kelley,Cottey,kcottey8i@sina.com.cn,Female,4RC7JY0KD96
308,Ki,Cords,kcords8j@chronoengine.com,Genderfluid,8RF7P33YY87
309,Ardra,Manske,amanske8k@xing.com,Female,1HA2H95UP43
310,Hewie,Burden,hburden8l@yelp.com,Male,6T64TF2YE49
311,Katherina,Ruddiforth,kruddiforth8m@imdb.com,Female,9J69NU6VM24
312,Ingeberg,Hyndson,ihyndson8n@dropbox.com,Female,8T73T96FE03
313,Ariana,Jost,ajost8o@cornell.edu,Female,3RF4XK8DR79
314,Pall,Bickerstaff,pbickerstaff8p@msn.com,Male,9M49DM5JG49
315,Latrina,Meiklam,lmeiklam8q@census.gov,Female,6WC6GU4NV20
316,Sheppard,Baggarley,sbaggarley8r@webnode.com,Male,4AU9DF2HJ56
317,Antonetta,Bricksey,abricksey8s@list-manage.com,Female,9KC4VY4JX44
318,Petronia,Benny,pbenny8t@mlb.com,Female,6JG8RD5GR52
319,Dacia,Redihalgh,dredihalgh8u@networksolutions.com,Female,7MT4JV5CA09
320,Giacobo,MacConnulty,gmacconnulty8v@msu.edu,Male,3CN2KQ6XP84
321,Malissia,Prestner,mprestner8w@bloglines.com,Female,4VA0XD1PQ14
322,Heinrick,Hartgill,hhartgill8x@utexas.edu,Male,1XH4C05RM75
323,Joly,Whistlecraft,jwhistlecraft8y@mlb.com,Female,2HG4VU9PY18
324,Arnie,Skettles,askettles8z@harvard.edu,Male,1EK5F19XG34
325,Neville,Castagnier,ncastagnier90@forbes.com,Male,6HQ7XG0RP80
326,Nani,Mahaddie,nmahaddie91@addthis.com,Female,7C90KF4UN53
327,Saunder,Hacking,shacking92@google.es,Male,6W30TF7EC46
328,Hamid,Sowrey,hsowrey93@chicagotribune.com,Male,9R12TY4NR84
329,Enriqueta,Derks,ederks94@phpbb.com,Female,6AY6AV7CH99
330,Libby,Gallen,lgallen95@fastcompany.com,Polygender,8WH1P30RC57
331,Shaina,De Mattei,sdemattei96@delicious.com,Female,6C54QN3PG31
332,Ruthann,Blinco,rblinco97@walmart.com,Female,3WX2XN2CT50
333,Darin,Minci,dminci98@cam.ac.uk,Male,5DG5V11NR45
334,Bobbie,Kirimaa,bkirimaa99@addtoany.com,Male,1N78U14QM73
335,Noni,Hayland,nhayland9a@usgs.gov,Female,2DN4CT8TP08
336,Tasia,Corten,tcorten9b@nbcnews.com,Female,9VV8RJ5NT79
337,Tory,Langhor,tlanghor9c@google.com.au,Female,6CK2KC7GR85
338,Irv,Henri,ihenri9d@answers.com,Male,2TV4WU2GF51
339,Sayers,Borgnet,sborgnet9e@sbwire.com,Male,9T51NE6GP90
340,Baldwin,Syddon,bsyddon9f@bizjournals.com,Male,8M53H88AX00
341,Patrizius,Bearham,pbearham9g@xinhuanet.com,Male,8AD4Y10PG40
342,Misha,Marchello,mmarchello9h@sina.com.cn,Female,6YU8ED8XP06
343,Cole,Pill,cpill9i@aol.com,Male,9CX9TX9VY15
344,Muriel,Sommerville,msommerville9j@google.com,Female,2AD7V41XH15
345,Siffre,Burnapp,sburnapp9k@sbwire.com,Male,6K16HE6KC47
346,Kellina,Tozer,ktozer9l@blogger.com,Female,4RN8FP1AC80
347,Menard,MacRierie,mmacrierie9m@sogou.com,Male,2KG0XC5NU40
348,Whittaker,Sterry,wsterry9n@indiatimes.com,Male,5DF2N55VM41
349,Gusella,Burmaster,gburmaster9o@example.com,Female,5K93PF1EJ84
350,Gallard,Thacke,gthacke9p@livejournal.com,Male,5K21D09XF07
351,Gardie,McGeorge,gmcgeorge9q@nymag.com,Male,1VG4W63AG59
352,Maximilian,Gurney,mgurney9r@skyrock.com,Male,9N89DF0KK60
353,Antonella,Rae,arae9s@house.gov,Female,5TF3MD1CQ52
354,Jeramey,Cumbers,jcumbers9t@unicef.org,Male,5YU8YE4AH38
355,Thaine,Warbeys,twarbeys9u@shareasale.com,Agender,7AN3QK9PT49
356,Marchelle,Fray,mfray9v@photobucket.com,Genderfluid,4HK3KG2KH47
357,Sylvester,Filpo,sfilpo9w@ftc.gov,Male,6N97TM3XA69
358,Rolland,Gauvain,rgauvain9x@sogou.com,Male,7P75KD3DV76
359,Bambi,Blezard,bblezard9y@pcworld.com,Female,2Y62WA8NM44
360,Gran,Thulborn,gthulborn9z@tinyurl.com,Male,6ER3J17YU53
361,Stavro,Domico,sdomicoa0@latimes.com,Bigender,2Q83CY5TC92
362,Corrianne,Stening,csteninga1@reddit.com,Female,2VP2RG6TU24
363,Aubrette,Baggott,abaggotta2@sciencedirect.com,Female,8VM8V73YU09
364,Eadmund,Kidson,ekidsona3@dailymotion.com,Male,5GE6FV7VY49
365,Junie,Skippen,jskippena4@hatena.ne.jp,Female,1T78GH9ME18
366,Jsandye,Bollin,jbollina5@symantec.com,Female,7TR1HJ8YE09
367,Gwyn,Juza,gjuzaa6@wufoo.com,Female,5HH8YM0KY43
368,Mal,Turvie,mturviea7@ebay.co.uk,Male,1H77FM4WK25
369,Rey,Luther,rluthera8@icq.com,Female,4QF1R32TR95
370,Elvira,Woollard,ewoollarda9@lycos.com,Female,7F55K73FX18
371,Jarred,Carlyle,jcarlyleaa@ucsd.edu,Male,2TV3XR0NR06
372,Jennette,Ashington,jashingtonab@adobe.com,Female,6V59RE1FJ22
373,Saraann,McConnell,smcconnellac@microsoft.com,Female,7UR5VK8MG45
374,Gayle,Shoobridge,gshoobridgead@twitpic.com,Female,2TA2R18FX88
375,Hilary,Stickels,hstickelsae@boston.com,Male,8C03P58UC32
376,Clarissa,Milam,cmilamaf@dot.gov,Female,8A16ND5VG10
377,Isabelle,Ditchfield,iditchfieldag@wp.com,Female,1YG3HG3AC83
378,Gerardo,Chartman,gchartmanah@macromedia.com,Male,2CV8H22QT47
379,Genia,Beagen,gbeagenai@hao123.com,Female,8VV1MA7VY59
380,Rebeka,Scatchard,rscatchardaj@biglobe.ne.jp,Female,6TK1T92AG44
381,Nicol,Bricham,nbrichamak@360.cn,Male,7ET6TM2GF38
382,Emelia,Tobin,etobinal@state.tx.us,Female,6TG1DK3DW51
383,Thomasine,Angove,tangoveam@wix.com,Female,3W34PJ2AP91
384,Selby,Alibone,salibonean@xing.com,Male,4VR6XV5MM45
385,Charlene,Bedrosian,cbedrosianao@topsy.com,Female,3M12F10GY22
386,Evelyn,Greenroyd,egreenroydap@infoseek.co.jp,Female,2XF8X16YQ60
387,Krishnah,Jaspar,kjasparaq@va.gov,Male,5TP1NH0HM49
388,Arnoldo,Fishwick,afishwickar@tripod.com,Male,3P89CK3QQ62
389,Mordecai,Churchill,mchurchillas@va.gov,Genderqueer,3NN7FE0PG77
390,Hermia,Mogie,hmogieat@skyrock.com,Female,4GK4X96XU85
391,Russ,Osmon,rosmonau@yahoo.com,Male,9E53KX2XG08
392,Dory,Phythien,dphythienav@jalbum.net,Female,1F24X21NC44
393,Lorrie,Devanney,ldevanneyaw@microsoft.com,Female,3C74UG2TY95
394,Livvy,Dodwell,ldodwellax@hexun.com,Female,7ME9V78WQ04
395,Norman,Aisman,naismanay@list-manage.com,Male,8GU1FH5WF46
396,Allistir,Spivey,aspiveyaz@issuu.com,Male,7XW9R55PQ40
397,Raine,Georger,rgeorgerb0@marketwatch.com,Female,4KN6N72FM14
398,Nellie,Simoneschi,nsimoneschib1@marketwatch.com,Female,8F15CY5RC87
399,Odette,Hounsom,ohounsomb2@sakura.ne.jp,Female,1ED4CX2YN39
400,Urbanus,Fullalove,ufullaloveb3@theatlantic.com,Male,1E40Q34RG37
401,Dina,Scollick,dscollickb4@newsvine.com,Female,6RQ0N71CP74
402,Al,Jorczyk,ajorczykb5@infoseek.co.jp,Male,3G97P72HA94
403,Shanie,Dykes,sdykesb6@quantcast.com,Female,8TA9DT0XJ25
404,Arlinda,Paolotto,apaolottob7@cnbc.com,Female,3J72HD6AT51
405,Filide,Behrend,fbehrendb8@deliciousdays.com,Female,3WT9RF3CP24
406,Angel,Snugg,asnuggb9@miitbeian.gov.cn,Male,5UQ9UT7JX04
407,Fabio,Gegg,fgeggba@istockphoto.com,Genderfluid,3HJ8HG8UW00
408,Hadrian,Marston,hmarstonbb@stumbleupon.com,Male,5WG0M41YQ56
409,Gwenette,Coraini,gcorainibc@imdb.com,Female,1PT2H43GX14
410,Bear,Scullin,bscullinbd@usnews.com,Male,2AY0Q00DH09
411,Vivia,Maddaford,vmaddafordbe@bigcartel.com,Female,7Y85K22DN07
412,Maisie,Mottini,mmottinibf@51.la,Female,8UU6XC6VU51
413,Verna,Hanne,vhannebg@statcounter.com,Female,6HE0MP6WM90
414,Rourke,Ronald,rronaldbh@devhub.com,Male,3PF8A08FR83
415,Murvyn,Panons,mpanonsbi@wiley.com,Male,7KH5AN4HH30
416,Randolf,McQuin,rmcquinbj@slate.com,Male,8UV8R56DY76
417,Morey,Amery,mamerybk@abc.net.au,Male,1N38J11DV33
418,Lizabeth,Kaplin,lkaplinbl@blogspot.com,Female,7A87QV7GP48
419,Van,Glazyer,vglazyerbm@usatoday.com,Male,4EH1PY7WC79
420,Nelie,Horlock,nhorlockbn@chronoengine.com,Female,2T01JD9YJ01
421,Nan,Watsham,nwatshambo@weather.com,Female,5J68EX8AH67
422,Leopold,Van Haeften,lvanhaeftenbp@wikimedia.org,Male,9DV2M93MG66
423,Lacee,Mursell,lmursellbq@printfriendly.com,Female,5QU7X49JW33
424,Margery,Craigg,mcraiggbr@pen.io,Female,7E26UQ2QD03
425,Bevon,Bernuzzi,bbernuzzibs@histats.com,Male,8AK0DU7RN33
426,Vlad,Theyer,vtheyerbt@timesonline.co.uk,Male,9W32RH5UV46
427,Stefan,Westbrook,swestbrookbu@fema.gov,Male,5DM6VJ5TT31
428,Lynsey,Lethcoe,llethcoebv@xing.com,Female,8NP4PK2KK30
429,Demetris,Weatherill,dweatherillbw@jiathis.com,Female,1CP0E04CU71
430,Torrey,Itzakovitz,titzakovitzbx@pbs.org,Male,5TV7KN6DG17
431,Seth,Eddison,seddisonby@ftc.gov,Male,7FK1MY2HA90
432,Skip,Vinten,svintenbz@over-blog.com,Polygender,8WY5M42WK91
433,Willetta,Willmore,wwillmorec0@netvibes.com,Female,6P51M93KM13
434,Johny,Thurlby,jthurlbyc1@princeton.edu,Male,7YJ3DR2FU14
435,Abelard,Wrates,awratesc2@paginegialle.it,Male,8WT9XD1UH58
436,Tracie,Ollcott,tollcottc3@apache.org,Female,3HJ8MH7DU21
437,Marcellus,Pardie,mpardiec4@wufoo.com,Male,3U58MP9UN95
438,Davis,Waind,dwaindc5@csmonitor.com,Male,2NV2DW2XY70
439,Sherye,Endon,sendonc6@cbslocal.com,Female,2PC7PM1MC14
440,Cyndi,Barnshaw,cbarnshawc7@census.gov,Female,5RM1RT7WG59
441,Rolf,Tremellier,rtremellierc8@miitbeian.gov.cn,Male,4KW5DC4MA82
442,Buck,Twopenny,btwopennyc9@admin.ch,Male,1RV7YG8QR26
443,Thorndike,Nisco,tniscoca@virginia.edu,Polygender,7R93WV6XA29
444,Hermy,Gippes,hgippescb@xrea.com,Male,9KH8XW7WW50
445,Egbert,Yakhin,eyakhincc@shinystat.com,Male,3TX9J03HQ00
446,Debee,Stapylton,dstapyltoncd@google.fr,Female,8QE7D03JG51
447,Guglielmo,Dumbreck,gdumbreckce@mozilla.org,Male,1ET0KH7WH84
448,Tan,MacNaughton,tmacnaughtoncf@pagesperso-orange.fr,Male,2TK7Q03FG45
449,Dee dee,Dionisetto,ddionisettocg@ocn.ne.jp,Female,8RU1FD1PD95
450,Cyndi,Crosson,ccrossonch@google.fr,Female,7EA8RU3YD05
451,Ty,Le Monnier,tlemonnierci@google.nl,Agender,5KM0KH4PD30
452,Adair,Lawland,alawlandcj@engadget.com,Male,4JE3YY0JY15
453,Butch,Gilham,bgilhamck@constantcontact.com,Male,6NJ8KN9JP51
454,Freeland,Vardie,fvardiecl@bandcamp.com,Male,8J15HY2GA21
455,Matthieu,Scarratt,mscarrattcm@miibeian.gov.cn,Male,1EW4D90EG45
456,Alicea,Vasilevich,avasilevichcn@yellowpages.com,Female,6V95KF1KU86
457,Herman,Trimble,htrimbleco@bloglines.com,Male,9M07WV0PJ54
458,Mathew,Madigan,mmadigancp@indiegogo.com,Male,1G33V78FD49
459,Cristine,Olander,colandercq@yelp.com,Female,2AW1FR3FM54
460,Kial,Swatheridge,kswatheridgecr@netlog.com,Female,1QM7FK9AV53
461,Linc,Delos,ldeloscs@mozilla.org,Male,3H84NF2JK89
462,Manolo,Sanpher,msanpherct@constantcontact.com,Male,9TY8R80UW00
463,Audi,Linscott,alinscottcu@zimbio.com,Female,4ED3FQ3VN12
464,Brok,Hannigan,bhannigancv@pen.io,Male,6H78UP7AG52
465,Carroll,Prestige,cprestigecw@seesaa.net,Male,5MC3FM8YV43
466,Munroe,Chatainier,mchatainiercx@jugem.jp,Male,7F96GJ0FA84
467,Tamara,Farlamb,tfarlambcy@51.la,Female,3UX8CP5WD56
468,Tricia,Geerdts,tgeerdtscz@bbb.org,Female,5UV6VN6PH29
469,Bamby,Murr,bmurrd0@dropbox.com,Agender,9YV2C54HN76
470,Delilah,Bernath,dbernathd1@123-reg.co.uk,Female,3FG0G64MK61
471,Salvidor,Weatherdon,sweatherdond2@umn.edu,Male,8EV8AW3MQ75
472,Charil,Gradon,cgradond3@oaic.gov.au,Female,3KD9GQ0GX35
473,Kent,Dowson,kdowsond4@hc360.com,Male,5QE3VK9GR58
474,Wilbur,Livingston,wlivingstond5@skype.com,Male,6QC2FG0KD90
475,Sampson,Mordey,smordeyd6@tamu.edu,Male,9HC1VK9HA68
476,Archibold,Deinhard,adeinhardd7@wiley.com,Male,4HH6YP1TC13
477,Lem,Geraudy,lgeraudyd8@statcounter.com,Genderqueer,9Q12CR4NA58
478,Teodor,Dungay,tdungayd9@nymag.com,Male,6V65WE7HP32
479,Halette,Springthorpe,hspringthorpeda@prweb.com,Agender,3M31WG9XQ94
480,Leland,Jeske,ljeskedb@howstuffworks.com,Male,2GU0TH4GQ98
481,Abbie,Obin,aobindc@apple.com,Male,4T64FJ6GK43
482,Avery,Geck,ageckdd@archive.org,Male,5T19Q98YN25
483,Nicholle,Blackie,nblackiede@wired.com,Female,4FF5HH5FX10
484,Darius,Filippov,dfilippovdf@sbwire.com,Male,1Q82PY0HH31
485,Milli,Hoovart,mhoovartdg@biglobe.ne.jp,Polygender,8PU9ER8RN72
486,Cordi,Barkaway,cbarkawaydh@loc.gov,Bigender,3MJ7N56TV17
487,Belia,Bagnal,bbagnaldi@globo.com,Female,6CP9GK4DK24
488,Titus,Lorek,tlorekdj@godaddy.com,Male,2WA7KN1HP48
489,Sloan,Erdis,serdisdk@trellian.com,Male,5Y24NU4VF56
490,Geneva,Ailmer,gailmerdl@yale.edu,Female,7T38DA3FW53
491,Silvio,Penhearow,spenhearowdm@gov.uk,Male,2EQ7J00AE28
492,Remus,Anfossi,ranfossidn@smh.com.au,Male,7K99CX1CC07
493,Dallas,Jefford,djefforddo@bloomberg.com,Male,4P92MX9WT07
494,Gloria,Waller-Bridge,gwallerbridgedp@ox.ac.uk,Genderfluid,5D96X72WN15
495,Alister,McEvon,amcevondq@princeton.edu,Male,9JN0XK6KX91
496,Eldin,Khristyukhin,ekhristyukhindr@w3.org,Male,7Y34AJ2AU88
497,Lyn,Saunderson,lsaundersonds@nifty.com,Female,3TY9E54EA34
498,Alisa,Crich,acrichdt@fda.gov,Female,6R76H01KD41
499,Shermie,De La Cote,sdelacotedu@latimes.com,Male,7K93M58KQ80
500,Sauveur,Sans,ssansdv@networksolutions.com,Male,1CD3G78QE05
501,Vivia,Quare,vquaredw@quantcast.com,Female,3A57QE4FV89
502,Leopold,Crop,lcropdx@arstechnica.com,Bigender,1QW2Q54JW32
503,Garrett,Rantoull,grantoulldy@sourceforge.net,Male,2CH0DQ3TN80
504,Judd,Gillice,jgillicedz@simplemachines.org,Male,6H52NY1UU59
505,Clem,Shephard,cshepharde0@vistaprint.com,Male,1P77V45CK43
506,Berton,Van,bvane1@etsy.com,Male,2G84W96PJ32
507,Micheil,Lowey,mloweye2@blinklist.com,Non-binary,4QN4JY7YM50
508,Gerrie,Wheadon,gwheadone3@webnode.com,Female,9NJ8F92WK96
509,Agnola,Tinsey,atinseye4@dailymail.co.uk,Female,7K26P88XR80
510,Giulia,Windebank,gwindebanke5@walmart.com,Female,6FY2D57PT32
511,Lexis,Bartens,lbartense6@theglobeandmail.com,Female,5HD6RD4QF75
512,Fifine,Woodford,fwoodforde7@amazonaws.com,Female,6RX8AN5UT88
513,Beverley,Wainwright,bwainwrighte8@samsung.com,Female,2KU5CM7WY52
514,Seamus,Jime,sjimee9@meetup.com,Male,7VP5EU6EN04
515,Zara,Panketh,zpankethea@biblegateway.com,Female,6MT5KV2MP85
516,Rodolfo,Harford,rharfordeb@livejournal.com,Non-binary,2GY6RY7KP91
517,Sally,Bowmaker,sbowmakerec@springer.com,Female,4MK4E45XP46
518,Kerry,Jirasek,kjiraseked@vistaprint.com,Male,5MP3QV3AH50
519,Beckie,MacLese,bmacleseee@smugmug.com,Female,4YE0FW7JN64
520,Solomon,Pirot,spirotef@ucsd.edu,Male,8PX8MY9MT65
521,Mill,Ayers,mayerseg@moonfruit.com,Genderqueer,9WA0U11XP14
522,Ara,D'Ambrogi,adambrogieh@phpbb.com,Male,4J83PW7XF15
523,Perry,Deeley,pdeeleyei@zimbio.com,Male,7RA2E82UD50
524,Shellysheldon,Zaniolo,szanioloej@delicious.com,Male,2N49TQ8XQ78
525,Shayna,Attree,sattreeek@dailymail.co.uk,Female,8HU6W71AV71
526,Katha,Batrick,kbatrickel@ucoz.com,Female,5G22K98AK05
527,Neron,Rudwell,nrudwellem@indiegogo.com,Male,9YA5YF9YY00
528,Sallie,Aspin,saspinen@apache.org,Female,1WP3FM9JU01
529,Stacee,Melesk,smeleskeo@lulu.com,Female,3A51C30XF94
530,Livia,Andrez,landrezep@chronoengine.com,Female,2XW8DR8PA55
531,Clarence,Fylan,cfylaneq@tamu.edu,Male,5Q31TA8TT72
532,Danni,Camacho,dcamachoer@technorati.com,Female,6FD4QY4RD52
533,Jaymie,Huston,jhustones@ustream.tv,Male,6KD6PW5XA14
534,Bertram,McKue,bmckueet@washingtonpost.com,Male,5QH0X57XY07
535,Ronda,Kenny,rkennyeu@imdb.com,Genderfluid,8MC9KR9MT58
536,Adan,Gatesman,agatesmanev@oracle.com,Male,7VF6PW1PX26
537,Fannie,Auchinleck,fauchinleckew@storify.com,Female,4AP9RY4KV72
538,Ruthy,Ivanaev,rivanaevex@sogou.com,Female,8A60J16HP93
539,Cami,O'Currigan,cocurriganey@google.com,Female,2V80C39CF56
540,Corbin,Caller,ccallerez@1688.com,Male,8R92Q96ND01
541,August,Causier,acausierf0@google.cn,Male,1T36CP3YN01
542,Sheena,Choffin,schoffinf1@google.nl,Female,8UJ3GH8XA13
543,Rubetta,Lester,rlesterf2@mlb.com,Genderfluid,7X69C74GA40
544,Brandie,Slide,bslidef3@arstechnica.com,Agender,8T59HF7CN22
545,Consolata,Glendinning,cglendinningf4@buzzfeed.com,Female,5UP3FT4JQ89
546,Arluene,Stolte,astoltef5@youtu.be,Female,3EH8PJ7JJ09
547,Tonnie,Belz,tbelzf6@tiny.cc,Male,7JE3RA5NM31
548,Blinni,O Sullivan,bosullivanf7@rakuten.co.jp,Female,4YE5QJ0UM97
549,Edy,Domican,edomicanf8@npr.org,Female,3TR1WJ5EV09
550,Perceval,Gallemore,pgallemoref9@flickr.com,Male,7XD6J21QQ81
551,Michelina,Oldcote,moldcotefa@moonfruit.com,Polygender,1WP5WP0PK18
552,Toddy,Camplin,tcamplinfb@myspace.com,Male,1Q47DK0TT35
553,Husain,Burchett,hburchettfc@fc2.com,Male,2EX6F18YY14
554,Giorgi,Heijnen,gheijnenfd@toplist.cz,Male,3TW1GK1JT83
555,Stacy,Carncross,scarncrossfe@hibu.com,Female,5WX0F24YU45
556,Susannah,Veevers,sveeversff@rediff.com,Female,8WR8H68YH68
557,Orran,Dufaur,odufaurfg@nps.gov,Male,7RV4JU3MA03
558,Fancie,Rickson,fricksonfh@a8.net,Female,6DV2YE2PN58
559,Daphne,Howood,dhowoodfi@networksolutions.com,Female,5C69MW7MX55
560,Carlen,Tavener,ctavenerfj@whitehouse.gov,Genderqueer,1R14TP7HH23
561,Selinda,Sulland,ssullandfk@goodreads.com,Female,5R27UW9FP26
562,Pren,Mate,pmatefl@fema.gov,Male,3JT9A26HA25
563,Myles,Fussie,mfussiefm@time.com,Male,3PP5K21YD29
564,Jeralee,Mariner,jmarinerfn@go.com,Female,5P22QR7UK95
565,Guenna,Humbles,ghumblesfo@github.io,Female,8EQ3VA2MN01
566,Norbert,Plose,nplosefp@ucsd.edu,Male,1R23XR9YX92
567,Anabella,Dobrovsky,adobrovskyfq@opera.com,Female,7NW8NN5QT88
568,Noel,O'Donohue,nodonohuefr@reference.com,Male,3XP5N19GF86
569,Evita,Stollery,estolleryfs@joomla.org,Female,8DJ9F37CV13
570,Gabrielle,Litchmore,glitchmoreft@cafepress.com,Female,3H37FJ3TE01
571,Salim,Willatts,swillattsfu@who.int,Male,3MG8F94MP59
572,Bartholemy,Leynham,bleynhamfv@networksolutions.com,Agender,6KT6K43QE35
573,Godiva,Cinderey,gcindereyfw@123-reg.co.uk,Female,8J45GE0CJ10
574,Ajay,Backshell,abackshellfx@wikimedia.org,Non-binary,8EV2EU8DM16
575,Zea,Limbert,zlimbertfy@phoca.cz,Female,6DJ6P08VH83
576,Kimbra,Kiernan,kkiernanfz@amazonaws.com,Female,7QU0DW1GN86
577,Germana,Jarrelt,gjarreltg0@java.com,Female,7WT8A75QY43
578,Christel,Leggett,cleggettg1@addthis.com,Female,7GH8DV5KU47
579,Currey,Wingham,cwinghamg2@cafepress.com,Male,6CN9T81YH44
580,Stacie,Lipscombe,slipscombeg3@nydailynews.com,Female,5VE4A17MV11
581,Doti,Cool,dcoolg4@noaa.gov,Female,8X30W82XV40
582,Theda,Hatrey,thatreyg5@com.com,Female,6TF4VK9UC00
583,Cristabel,Louedey,clouedeyg6@prlog.org,Genderfluid,1CQ0QV0GT09
584,Wanids,Wedgwood,wwedgwoodg7@seattletimes.com,Female,7U48N26CE74
585,Toby,Print,tprintg8@techcrunch.com,Male,4Y45QX8JP46
586,Timoteo,Cudiff,tcudiffg9@wix.com,Male,3P55Q40CP26
587,Sephira,Legging,sleggingga@over-blog.com,Female,9CM5JM0PH09
588,Guilbert,Sidry,gsidrygb@deliciousdays.com,Male,6RM1F66GQ42
589,Bailie,Spinelli,bspinelligc@opensource.org,Male,7V68GT6HU17
590,Jacklin,Edlestone,jedlestonegd@ow.ly,Female,2XD0HJ2KM71
591,Winni,Rimmer,wrimmerge@tinypic.com,Female,9DF9EQ5VV21
592,Krystal,Winship,kwinshipgf@creativecommons.org,Female,6HX1FE8KE67
593,Benny,Redsell,bredsellgg@trellian.com,Female,1C04YH3KN30
594,Munroe,Knightsbridge,mknightsbridgegh@netlog.com,Male,6U09P97CP82
595,Gussi,Ainger,gaingergi@icq.com,Female,4Q72A17FD67
596,Edlin,Tregea,etregeagj@squarespace.com,Male,6YN4VM5CA47
597,Torre,Bleesing,tbleesinggk@t.co,Male,8WR4PG6FP59
598,Elmira,Jenny,ejennygl@1und1.de,Female,8GG8N22UF95
599,Gary,McDill,gmcdillgm@symantec.com,Male,2TQ3Y56PM84
600,Gayla,Palser,gpalsergn@yale.edu,Female,7JW9YT9UQ75
601,Malachi,Dullard,mdullardgo@wix.com,Male,6E71KE1YG03
602,Dill,Silburn,dsilburngp@fema.gov,Male,6RR9NW5UK41
603,Julio,Ceaser,jceasergq@weebly.com,Male,5AR7XY5PE12
604,Corbett,Jancar,cjancargr@360.cn,Male,9WA2MJ4NT07
605,Taddeusz,Baggallay,tbaggallaygs@mysql.com,Male,9WX4U19XT24
606,Alaric,Huster,ahustergt@free.fr,Agender,9UE1D84CQ23
607,Roxana,Zuanelli,rzuanelligu@ucsd.edu,Female,2G88JV7YD92
608,Umberto,Crocken,ucrockengv@cdbaby.com,Male,4WF8ND7KX38
609,Muhammad,Maldin,mmaldingw@bandcamp.com,Male,2EM1W57WM16
610,Elka,Esselen,eesselengx@pagesperso-orange.fr,Female,3QM6WN6WD90
611,Teddie,Villalta,tvillaltagy@cnbc.com,Female,4CE0RF0QN85
612,Gerhardine,Elster,gelstergz@wordpress.org,Female,4VU5VQ1GA47
613,Evangelin,Hesser,ehesserh0@nyu.edu,Female,1GX5PR9AP84
614,Tomasine,Cornborough,tcornboroughh1@shinystat.com,Female,7X60AK5GG69
615,Kevin,Aggett,kaggetth2@buzzfeed.com,Male,2KV2TG8RV67
616,Gill,Earley,gearleyh3@nih.gov,Male,1EX5DG1MQ24
617,Shae,Paterson,spatersonh4@yahoo.com,Female,4MT6T88UQ56
618,Waldon,Edwicker,wedwickerh5@unesco.org,Genderfluid,6MW0A74RH54
619,Amalee,Lister,alisterh6@abc.net.au,Female,4HN6N02NT22
620,Shaylynn,Stucksbury,sstucksburyh7@addthis.com,Female,5K64C77WC04
621,Davin,Vaz,dvazh8@geocities.jp,Male,3V37VF8DX51
622,Kris,Postles,kpostlesh9@deviantart.com,Female,9HE9FU2QY97
623,Regen,Szantho,rszanthoha@tripod.com,Male,4DK1T88XV08
624,Griffith,Iglesiaz,giglesiazhb@amazon.com,Male,5HV7X50TJ17
625,Ryley,Hinze,rhinzehc@live.com,Male,5Q42YX4GP38
626,Tome,Kordas,tkordashd@sciencedirect.com,Male,5TW0P21WA60
627,Layla,Spragge,lspraggehe@abc.net.au,Female,7JP7M72AV63
628,Belita,Akeherst,bakehersthf@dot.gov,Female,1EH3KY8FA97
629,Tamarah,Osmond,tosmondhg@is.gd,Female,9AG8C31MQ10
630,Hazel,Ebbett,hebbetthh@1688.com,Female,8V09TH1WV41
631,Emelia,Tollmache,etollmachehi@comsenz.com,Female,7AE5MF2NG34
632,Codee,Cattonnet,ccattonnethj@nationalgeographic.com,Female,8MV6H30QT56
633,Viole,Spaughton,vspaughtonhk@istockphoto.com,Genderqueer,1X42D47HN45
634,Wilden,Undrell,wundrellhl@amazon.co.uk,Male,6RP7DW1KY00
635,Moselle,Hexham,mhexhamhm@google.com,Female,2PJ2VC0RR48
636,Cyrille,MacDermid,cmacdermidhn@mysql.com,Male,8F66V67VT21
637,Arni,Tomkinson,atomkinsonho@github.io,Male,6EH4KE2WT62
638,Jehanna,Blackway,jblackwayhp@cargocollective.com,Female,8QP8EY6VX04
639,Armin,Arderne,aardernehq@sina.com.cn,Bigender,2PD6XW2JX26
640,Franny,Chatt,fchatthr@columbia.edu,Female,6CN4ER7DK43
641,Bartlett,Artharg,bartharghs@cnet.com,Male,6X61XC1WX81
642,Jinny,Jursch,jjurschht@yahoo.co.jp,Polygender,9A69NP7YN62
643,Ambrosi,Ragsdale,aragsdalehu@delicious.com,Male,9AD3WN7JM79
644,Isaak,Garbett,igarbetthv@list-manage.com,Male,8PU6NJ3FQ06
645,Biddy,McPheat,bmcpheathw@ucoz.ru,Polygender,1WH3GP6XV15
646,Benjamin,Pressland,bpresslandhx@blogger.com,Male,5R95P10MA23
647,Esra,Bierman,ebiermanhy@boston.com,Genderfluid,1CV9C61XW97
648,Tani,D'Hooge,tdhoogehz@hostgator.com,Female,9HX5EK2XA36
649,Timmie,Goodinge,tgoodingei0@networkadvertising.org,Male,5C17HC2GR36
650,Thurstan,Beardsdale,tbeardsdalei1@github.com,Bigender,3EY2T48YN06
651,Evelyn,Goulthorp,egoulthorpi2@microsoft.com,Female,1PN8RY7DF46
652,Camille,Monkman,cmonkmani3@ezinearticles.com,Female,9XA6QV3PA85
653,Carlo,Bjorkan,cbjorkani4@icq.com,Male,6DN8D63TA58
654,Cary,Mardling,cmardlingi5@fastcompany.com,Female,6U10JY7WC50
655,Beauregard,Gonnely,bgonnelyi6@parallels.com,Male,1T31E79AX55
656,Moshe,Houtby,mhoutbyi7@auda.org.au,Bigender,1RN1C04WQ97
657,Micky,Thorouggood,mthorouggoodi8@mozilla.com,Female,2F00MA5WV96
658,Jarrad,Rigby,jrigbyi9@washingtonpost.com,Male,2YK1Y59NW74
659,Francoise,Geelan,fgeelania@google.ru,Bigender,2AD4YU9WM18
660,Nelie,Giannasi,ngiannasiib@amazon.de,Female,6YG2A89RV44
661,Gerianne,Maude,gmaudeic@fotki.com,Female,4R17WQ1AN88
662,Grethel,Grebert,ggrebertid@webnode.com,Female,8UH5KE6UY16
663,Bronnie,Lile,blileie@europa.eu,Male,5G77WE6UM77
664,Marcelia,Laydon,mlaydonif@webmd.com,Female,6U09M49WE65
665,Charyl,Breffit,cbreffitig@e-recht24.de,Female,5V64AH1TN90
666,Trefor,Orrell,torrellih@sun.com,Male,9Q47CP3UW68
667,Arlette,Dimitresco,adimitrescoii@last.fm,Female,2NW3FM8ET24
668,Lockwood,Cristoferi,lcristoferiij@seesaa.net,Male,2XV4YU2AK45
669,Heidi,Gibling,hgiblingik@woothemes.com,Female,6EN9EW1JH57
670,Annetta,Neilan,aneilanil@va.gov,Female,3UV2T81PY03
671,Thaddus,Joutapaitis,tjoutapaitisim@woothemes.com,Male,1K27Q58GK98
672,Yankee,Gyse,ygysein@google.com.au,Male,7A08NN6EV93
673,Avery,MacVaugh,amacvaughio@hibu.com,Male,9DR6J36MQ13
674,Dorine,Darell,ddarellip@github.com,Female,5NQ2XW1HG81
675,Toby,Sanford,tsanfordiq@arstechnica.com,Polygender,9H62WW1HY50
676,Carmita,L'oiseau,cloiseauir@meetup.com,Female,2R43CM7GT35
677,Billye,Keirl,bkeirlis@nba.com,Female,3JV7U42JW98
678,Lauritz,Greenhouse,lgreenhouseit@webs.com,Male,8MW1KG3JV48
679,Ruthann,End,rendiu@wikimedia.org,Female,1D39Y26TV14
680,Shayne,Sadd,ssaddiv@mediafire.com,Male,3KU1G23HV93
681,Bill,Issit,bissitiw@forbes.com,Male,3CC3U96AE14
682,Ernesta,Lennarde,elennardeix@nytimes.com,Female,2A61PE7GT79
683,Joella,Szymoni,jszymoniiy@trellian.com,Female,8XP0E68TV38
684,Theressa,Wooton,twootoniz@jugem.jp,Female,4AA0FV1PD23
685,Packston,Wesson,pwessonj0@aol.com,Genderfluid,6F70VJ1AQ58
686,Barbey,Spinella,bspinellaj1@squarespace.com,Female,8XW7VK0VF54
687,Kiel,Hardison,khardisonj2@exblog.jp,Male,5JF4T57TV13
688,Georgette,Kibblewhite,gkibblewhitej3@loc.gov,Female,1U58YX4YV93
689,Corabella,Corrington,ccorringtonj4@printfriendly.com,Female,9J52JH6NC18
690,Normand,De L'Isle,ndelislej5@nasa.gov,Male,2CP4VA3NW57
691,Gretal,Zielinski,gzielinskij6@4shared.com,Female,5YE5EA2QQ51
692,Melania,Idell,midellj7@tripod.com,Female,7D62YF7WN50
693,Anna,Guitte,aguittej8@boston.com,Female,2WN4FR3ER98
694,Drucill,Girardot,dgirardotj9@ox.ac.uk,Female,1GN6F17PH31
695,Hatty,Forward,hforwardja@sbwire.com,Female,8DH3JF5RM74
696,Moria,Bunney,mbunneyjb@qq.com,Female,5JT9GP1GH11
697,Ann,Hadny,ahadnyjc@ask.com,Female,9MN6MN1DC42
698,Mirabel,Dinnage,mdinnagejd@jalbum.net,Agender,8VG9XM8EC03
699,Yetty,Wyper,ywyperje@istockphoto.com,Female,8C65D92DQ35
700,Burtie,Olyet,bolyetjf@auda.org.au,Male,4E90EH1TJ34
701,Merla,Devenish,mdevenishjg@netvibes.com,Female,4F95YN0NE81
702,Man,Chalcraft,mchalcraftjh@google.com.au,Male,4D99P80UM84
703,Sigfried,Minillo,sminilloji@technorati.com,Male,2UD0GE8TD02
704,Win,Ulster,wulsterjj@rakuten.co.jp,Male,7GY5K55YV35
705,Ginevra,Fernan,gfernanjk@spiegel.de,Female,1MT0GG8KW24
706,Dieter,Dodman,ddodmanjl@eepurl.com,Male,1KW9GH1QH63
707,Nettie,Barton,nbartonjm@rediff.com,Female,8JD4GH4HH23
708,Malinda,Cullinane,mcullinanejn@nydailynews.com,Female,4TE8DD8UJ98
709,Elinore,Earley,eearleyjo@icio.us,Female,3VC1JR2KD31
710,Galvin,Goldstone,ggoldstonejp@google.co.uk,Male,8E69GQ6MR93
711,Krysta,Seston,ksestonjq@vkontakte.ru,Female,4FV4NV5QT53
712,Eliot,Milham,emilhamjr@bizjournals.com,Male,3VU9QH0GM00
713,Fredra,Strettle,fstrettlejs@si.edu,Female,9TE4MT4JG52
714,Katey,Tydeman,ktydemanjt@loc.gov,Genderqueer,8P05UG8EA18
715,Josefina,Rockall,jrockallju@artisteer.com,Female,4U22CW7ET29
716,Roxanna,Essberger,ressbergerjv@meetup.com,Female,2CV7HJ6TJ50
717,Felix,McLagan,fmclaganjw@google.com.au,Male,2G65W53NP05
718,Neile,Jillett,njillettjx@google.com.hk,Female,5WP0K92TP15
719,Bartolomeo,Robbel,brobbeljy@friendfeed.com,Male,5HK8DN5XK51
720,Marinna,Jelks,mjelksjz@deviantart.com,Female,9AK1F28WA00
721,Stanly,Terrett,sterrettk0@theglobeandmail.com,Male,9J19HY9RK42
722,Perceval,Pavel,ppavelk1@si.edu,Male,2GG5U75PU54
723,Joana,Ribbens,jribbensk2@latimes.com,Agender,7WV6CJ3QT90
724,Nariko,Whitely,nwhitelyk3@bluehost.com,Female,5WY8WV3CR26
725,Chad,Rasher,crasherk4@techcrunch.com,Female,6D98JK4TA08
726,Isidora,Daniell,idaniellk5@i2i.jp,Female,7U36F55DV34
727,Artemis,Dalgardno,adalgardnok6@nps.gov,Male,4AW1VP4YY43
728,Antonio,Haxell,ahaxellk7@hubpages.com,Male,9KK5EW4FK82
729,Michaelina,Ricard,mricardk8@jalbum.net,Female,4U96DN5RY46
730,Mic,Gurner,mgurnerk9@cdc.gov,Male,5JM4YU6XR25
731,Renault,Ellin,rellinka@github.io,Male,3PD0U79QW71
732,Zollie,Wadesworth,zwadesworthkb@tinypic.com,Male,1A44YG9VH04
733,Nathalie,MacAndrew,nmacandrewkc@princeton.edu,Female,2QQ9UG8QH69
734,Ronnie,Saiz,rsaizkd@yellowbook.com,Male,6VT2VY8PJ09
735,Blinni,Doale,bdoaleke@t-online.de,Female,7N02F98XQ77
736,Bevan,Leech,bleechkf@themeforest.net,Male,6KM2W09FP69
737,Elmer,Bazoche,ebazochekg@admin.ch,Male,4XK7VE9VF52
738,Sully,MacCorkell,smaccorkellkh@blogspot.com,Male,4MV6FE5DG51
739,Lennard,Cattach,lcattachki@skyrock.com,Male,8G71QX4JF63
740,Emerson,Garza,egarzakj@phoca.cz,Male,1K29NT6DP84
741,Manda,Cranham,mcranhamkk@forbes.com,Female,4QU4V16GD43
742,Barbra,Swatman,bswatmankl@harvard.edu,Female,2DQ8N17VJ91
743,Giorgi,Jopson,gjopsonkm@cbc.ca,Male,7A54XH2KJ27
744,Benjamen,Konerding,bkonerdingkn@furl.net,Male,9QX2M69AM90
745,Paolina,Marchent,pmarchentko@about.com,Female,1K16R30VK97
746,Ceciley,Gossart,cgossartkp@nsw.gov.au,Female,1PM9HC1AD42
747,Brendon,Gude,bgudekq@comcast.net,Male,6ED2G80RR71
748,Dniren,Haryngton,dharyngtonkr@prnewswire.com,Female,7Y18V17TQ90
749,Lawry,Blaver,lblaverks@huffingtonpost.com,Male,2KP2J96CJ01
750,Tripp,Credland,tcredlandkt@ning.com,Male,3T13YV7EM74
751,Georgianne,Clew,gclewku@booking.com,Female,2K08DR3KD10
752,Boniface,Ridout,bridoutkv@taobao.com,Male,6TQ6R47JK61
753,Mufi,Haton,mhatonkw@cafepress.com,Genderfluid,8PQ7Q38GK13
754,Faber,Worlock,fworlockkx@myspace.com,Male,8D06RX7GR47
755,Maximilien,Carmont,mcarmontky@geocities.com,Male,9HW9AG0PJ13
756,Elbertina,Pleass,epleasskz@epa.gov,Female,5PW8TQ3CT19
757,Marlyn,Hollingsbee,mhollingsbeel0@tinypic.com,Female,2PQ4QY8GN85
758,Ivy,Brandrick,ibrandrickl1@de.vu,Female,4WD2J77GJ17
759,Neale,Bloxam,nbloxaml2@surveymonkey.com,Male,7PD2VR7GR31
760,Gale,Ivashnyov,givashnyovl3@arstechnica.com,Female,8UD1QX0EK55
761,Lyon,Roycraft,lroycraftl4@istockphoto.com,Male,5TH4A28CQ18
762,Annis,Boarer,aboarerl5@paypal.com,Genderqueer,9CE3NQ2HF62
763,Dede,Mettericke,dmetterickel6@msu.edu,Female,3RC3GD6HF38
764,Binni,Geekie,bgeekiel7@vinaora.com,Female,6F24P80PK23
765,Amabelle,Poundford,apoundfordl8@domainmarket.com,Female,4Q43YN7UQ20
766,Aleta,Lau,alaul9@disqus.com,Female,8G27JC9QP24
767,Mateo,Allum,mallumla@sciencedaily.com,Male,5EG6T71JD92
768,Ivy,Skilling,iskillinglb@youku.com,Female,2NK4E34HE81
769,Reese,Tooley,rtooleylc@addthis.com,Male,6XF9XF9QG19
770,Raynell,Drohane,rdrohaneld@mozilla.org,Female,6TU6F49GM50
771,Raoul,Mullender,rmullenderle@pcworld.com,Male,7TD0PY2XP29
772,Harriette,Ficken,hfickenlf@paypal.com,Female,7V55CH3NF37
773,Jule,Troctor,jtroctorlg@symantec.com,Male,3X71EM8XR77
774,Zondra,Albrook,zalbrooklh@salon.com,Female,4EJ7GU1EN92
775,Thornie,Styche,tstycheli@google.com.hk,Male,5MR9T76UP20
776,Tess,Lindenman,tlindenmanlj@dagondesign.com,Female,1TA0QR2EX75
777,Jeanne,Baysting,jbaystinglk@nydailynews.com,Female,5AG5KT5DF54
778,Maridel,Williamson,mwilliamsonll@goo.gl,Female,9A85KQ5XD86
779,Mikaela,Bullocke,mbullockelm@example.com,Female,1DX6Y66TH25
780,Batsheva,Whatsize,bwhatsizeln@comsenz.com,Female,2U41HJ5EU17
781,Aurlie,Drivers,adriverslo@wikipedia.org,Polygender,7UE5NV8FX59
782,Ilyssa,Edghinn,iedghinnlp@tinyurl.com,Female,3NW9K90YC77
783,Eldridge,Farnfield,efarnfieldlq@wikimedia.org,Male,2DT2Y48UG28
784,Brad,Fumagallo,bfumagallolr@hc360.com,Male,3KD9GA7HW18
785,Freddie,Prinne,fprinnels@omniture.com,Female,3QE4QH8PW12
786,Arther,Gerwood,agerwoodlt@scientificamerican.com,Male,1TV3G72DH12
787,Ab,Blazevic,ablazeviclu@about.me,Male,3NU0KY2VR71
788,Gamaliel,Ilden,gildenlv@hc360.com,Male,3HY4RF0YK42
789,Vere,Heineking,vheinekinglw@wp.com,Female,7AQ3AP8RM48
790,Ilaire,Birrel,ibirrellx@cbslocal.com,Male,8P07N50RP31
791,Ernest,Koomar,ekoomarly@bluehost.com,Male,7EA2FR4TV82
792,Travis,Owbrick,towbricklz@51.la,Male,2Y96FY8HW58
793,Enrica,MacAlaster,emacalasterm0@posterous.com,Female,6ED7E05RG24
794,Alisha,Biggans,abiggansm1@unesco.org,Female,4EW7G39MP08
795,Dianna,Aspling,dasplingm2@blogtalkradio.com,Female,8XP6NE2AR11
796,Erich,Sulley,esulleym3@mashable.com,Male,9H50GM5NT23
797,Symon,Ginnell,sginnellm4@chicagotribune.com,Male,2RA6UP9UT98
798,Bonnie,Romney,bromneym5@ehow.com,Female,1MP2QX1NM28
799,Leona,McHarry,lmcharrym6@nationalgeographic.com,Female,4W08DD1WG14
800,Hyacinthie,Brine,hbrinem7@java.com,Female,8RC3TX7PV14
801,Harlen,Bowen,hbowenm8@ucoz.com,Male,7HR9W00YV18
802,Melesa,Kilmaster,mkilmasterm9@sbwire.com,Female,6GG1GG0XF16
803,Ginnifer,Banke,gbankema@jigsy.com,Female,3K93Y36XK13
804,Dorita,Farebrother,dfarebrothermb@soundcloud.com,Female,8GU2QH6WV06
805,Siegfried,Staries,sstariesmc@nbcnews.com,Male,2UT1TC1HT12
806,Nick,Bofield,nbofieldmd@cnbc.com,Male,7QU7UJ4QE69
807,Brock,Sier,bsierme@scientificamerican.com,Male,1DH3HR2DA60
808,Ranice,Conan,rconanmf@technorati.com,Female,2AU9WU6VQ58
809,Kennie,Coumbe,kcoumbemg@ocn.ne.jp,Male,3MV7ME8TP49
810,Violet,Irdale,virdalemh@aboutads.info,Female,4MH6AD6XR49
811,Jo ann,Wesgate,jwesgatemi@marketwatch.com,Female,4KD0CA2VU46
812,Enid,Bellinger,ebellingermj@myspace.com,Female,3QK6QR4YF52
813,Alic,Dabourne,adabournemk@reuters.com,Male,3EC1E20EK64
814,Rhianna,Dibley,rdibleyml@webnode.com,Female,3EC6UQ3MK49
815,Orly,Causby,ocausbymm@google.es,Female,1UN9YX1KP05
816,Shepherd,Roser,srosermn@ed.gov,Male,4PY4GD0NH72
817,Gibb,Showl,gshowlmo@list-manage.com,Male,9YD4UW5WU67
818,Alfy,Heigold,aheigoldmp@slideshare.net,Genderqueer,7A78P10FN91
819,Beilul,Dinnis,bdinnismq@indiegogo.com,Female,2TK0R76EE09
820,Nettie,Romaynes,nromaynesmr@rakuten.co.jp,Female,6M01Q64DG15
821,Vonny,Wayne,vwaynems@mac.com,Non-binary,4ED0W69VN41
822,Dagny,Grutchfield,dgrutchfieldmt@theguardian.com,Male,8TQ8JM7JW32
823,Ollie,McTrusty,omctrustymu@ameblo.jp,Female,6RY9F74JE57
824,Regen,Mackie,rmackiemv@cbslocal.com,Male,7FX1Y80MF87
825,Stesha,Gilliver,sgillivermw@huffingtonpost.com,Female,4NG0DA9WW90
826,Dunstan,Malshinger,dmalshingermx@gmpg.org,Male,3V46MX3CH09
827,Cornie,Hacket,chacketmy@theguardian.com,Male,9HQ1YH0KR47
828,Dorrie,Purry,dpurrymz@sbwire.com,Female,6ED8JA4NP92
829,Dicky,Turbefield,dturbefieldn0@nhs.uk,Male,6J35M85QY81
830,Wilhelm,Fishbourne,wfishbournen1@slashdot.org,Male,7PX7RK5NG24
831,Warren,Redmire,wredmiren2@ca.gov,Male,3X80NY9CG37
832,Gustavo,Mayne,gmaynen3@infoseek.co.jp,Male,2HC7GX3QW57
833,Em,Tullett,etullettn4@aboutads.info,Male,6QD2TH4UT02
834,Andrea,Rivel,ariveln5@biblegateway.com,Male,7W79UN3TC29
835,Angele,Caen,acaenn6@aboutads.info,Female,4DD0NF5UU33
836,Ludovika,Blaskett,lblaskettn7@businesswire.com,Female,9T91KY5YV88
837,Kahaleel,Hinz,khinzn8@blogspot.com,Male,9EC7KR6WD90
838,Gustavo,Kerr,gkerrn9@stanford.edu,Male,6NQ7JE0KQ59
839,Letta,Bradd,lbraddna@google.co.jp,Female,6X53U99CN86
840,Lefty,Brackley,lbrackleynb@nba.com,Male,8GE8FT2WT43
841,Cathrin,Dur,cdurnc@sakura.ne.jp,Female,9YF2Y06DX59
842,Herb,Reddin,hreddinnd@stumbleupon.com,Male,6U85KQ3HV51
843,Germaine,Ingreda,gingredane@gravatar.com,Female,9J82TD8KA41
844,Leoine,Fearn,lfearnnf@icio.us,Female,8XN3FT3NU29
845,Nara,Davidesco,ndavidescong@utexas.edu,Non-binary,8YE2UN8WN08
846,Bobbye,Craddock,bcraddocknh@123-reg.co.uk,Female,8E95JG3PR29
847,Morris,Van T'Hoog,mvanthoogni@google.com.br,Bigender,3HH2NF7PA11
848,Isiahi,Kettridge,ikettridgenj@histats.com,Male,4FE8PA5CP22
849,Jules,Everard,jeverardnk@dell.com,Male,8T75WT7PE18
850,Alvera,Branton,abrantonnl@networksolutions.com,Female,6EU7DV7AG55
851,Nathanial,Chalcot,nchalcotnm@ovh.net,Male,6UF9CE6TW57
852,Kippy,Eshmade,keshmadenn@ucoz.com,Male,1FY9Y77PN20
853,Parrnell,Crosbie,pcrosbieno@wordpress.com,Male,5MX1YT2RV30
854,Sarah,Petlyura,spetlyuranp@squarespace.com,Female,6H41DD7GY00
855,Packston,Chesser,pchessernq@newyorker.com,Male,2CC2TK8HC42
856,Sybille,Twomey,stwomeynr@state.tx.us,Female,5HY1VN8GF11
857,Kale,Roddick,kroddickns@home.pl,Male,3NN8G60YR72
858,Derry,Spriddle,dspriddlent@shop-pro.jp,Male,1Y39A06GA47
859,Meaghan,Pearle,mpearlenu@hostgator.com,Female,6MY5TX5KQ63
860,Krispin,Boshere,kbosherenv@dion.ne.jp,Male,7K57C30TY14
861,Pernell,Docket,pdocketnw@technorati.com,Male,2E57V57VQ08
862,Oates,Filipchikov,ofilipchikovnx@harvard.edu,Male,2QQ9CU4MK55
863,Normy,Spiller,nspillerny@mysql.com,Male,7ME3W21GP23
864,Easter,Olding,eoldingnz@theguardian.com,Female,7A39KW8KN60
865,Theresa,Ellershaw,tellershawo0@tuttocitta.it,Female,1N98XR4GA78
866,Carlee,Gerger,cgergero1@deviantart.com,Female,1A59HF6NM74
867,Walt,Surby,wsurbyo2@mtv.com,Male,4WM0QP2FT95
868,Gilburt,Beeze,gbeezeo3@github.io,Male,6VN0NP2ED92
869,Bogey,Badsworth,bbadswortho4@cargocollective.com,Male,9JN1NC9CW57
870,Elenore,Filde,efildeo5@apple.com,Female,4C68R80GD53
871,Ayn,Kingaby,akingabyo6@adobe.com,Female,3MC8TW8KE06
872,Duffie,Ackerley,dackerleyo7@google.co.uk,Male,8YW2M18CD55
873,Lenette,Emsden,lemsdeno8@forbes.com,Female,7FM9HX9GY78
874,Gibbie,Whitelock,gwhitelocko9@newyorker.com,Male,4EM7CP5KD25
875,Kimmie,Ciccerale,kcicceraleoa@dmoz.org,Female,1FC5T36ER51
876,Billie,Waith,bwaithob@shutterfly.com,Female,3K00C38AE40
877,Serene,Belderson,sbeldersonoc@intel.com,Female,3MD1P80WF52
878,Nevile,Fallow,nfallowod@discuz.net,Male,4VY5XQ2TM42
879,Emalee,Von Salzberg,evonsalzbergoe@mozilla.com,Female,6KW9R21MT70
880,Dillon,Leuren,dleurenof@craigslist.org,Male,9KP7M37RC86
881,Lida,Daffey,ldaffeyog@youtu.be,Female,1G18MR7WE81
882,Svend,Setterthwait,ssetterthwaitoh@about.com,Polygender,6YQ6FR8JM27
883,Glyn,Try,gtryoi@xing.com,Female,9WQ3D04RD98
884,Keenan,Kettlesing,kkettlesingoj@un.org,Male,1DM5T54NR01
885,Elyn,Cabedo,ecabedook@pcworld.com,Agender,7KJ0TK8EA20
886,Cindie,Bampforth,cbampforthol@geocities.jp,Female,8J19WE1XJ15
887,Abbie,Giovannazzi,agiovannazziom@kickstarter.com,Female,1WY6HQ4AX69
888,Jacynth,Brahmer,jbrahmeron@dagondesign.com,Female,1FG8G32TP33
889,Burl,Reitenbach,breitenbachoo@princeton.edu,Male,7VM4HD2CK22
890,Lethia,Ludwell,lludwellop@dropbox.com,Female,6G73W25RF10
891,Burty,Glowach,bglowachoq@google.co.uk,Male,9H29VG5KD24
892,Augusto,Delacourt,adelacourtor@about.com,Male,5GF9R89QN88
893,Edsel,Wrotchford,ewrotchfordos@bandcamp.com,Male,9FE4YX5ED32
894,Marylinda,Siveyer,msiveyerot@psu.edu,Female,5WM5TH0KW64
895,Madella,Sonner,msonnerou@woothemes.com,Female,3JX2XT3MQ04
896,Vincent,Hammatt,vhammattov@istockphoto.com,Male,1KX5HX4GQ86
897,Cory,Sugg,csuggow@mtv.com,Female,4KM2CT1AC60
898,Portie,Lewson,plewsonox@amazon.de,Male,4AD9AX3MQ50
899,Llewellyn,Coath,lcoathoy@privacy.gov.au,Male,3PU7UW4AT23
900,Lynda,Richichi,lrichichioz@netlog.com,Female,4VP0RX4NG96
901,Alena,Pringour,apringourp0@chronoengine.com,Female,5N48MN1KH60
902,Reid,Haig,rhaigp1@bbb.org,Male,5C05XR3JA32
903,Lisetta,Daniels,ldanielsp2@prnewswire.com,Genderfluid,3D60U01EK84
904,Guillema,Chate,gchatep3@ycombinator.com,Female,2GP0NX0HX65
905,Nathan,Ruffles,nrufflesp4@freewebs.com,Male,9MM8KT4EA80
906,Bradney,Standage,bstandagep5@reference.com,Male,3H25U76AX00
907,Ray,Stigger,rstiggerp6@prnewswire.com,Male,7ND1HM1NU45
908,Rossie,Lounds,rloundsp7@prlog.org,Male,6T40AK4PH64
909,Rivi,Dosdell,rdosdellp8@soundcloud.com,Female,7EV2YY1YD19
910,Alejandro,Atwool,aatwoolp9@wikia.com,Male,1MJ2H52DG50
911,Conway,Matusov,cmatusovpa@edublogs.org,Bigender,2AC8D94FH52
912,Olag,Siebart,osiebartpb@theglobeandmail.com,Male,8DM0NP8JE03
913,Fraser,Cosyns,fcosynspc@stanford.edu,Male,8WV5A34FF89
914,Irwin,Borell,iborellpd@tiny.cc,Male,3K09EV4NP68
915,Alessandro,Chidley,achidleype@sciencedaily.com,Male,3A86EQ3KU08
916,Benn,Schule,bschulepf@about.com,Male,3P31QE7WH12
917,Matty,Spancock,mspancockpg@hatena.ne.jp,Male,6PG3QQ3EM01
918,Moises,Alders,maldersph@dyndns.org,Male,4HR6NM5ED00
919,Gwyn,Lohering,gloheringpi@webnode.com,Female,6XW8TE2UU23
920,Konstance,Capstack,kcapstackpj@blogtalkradio.com,Female,8J63N29JV01
921,Elly,Puttrell,eputtrellpk@simplemachines.org,Female,8RQ9F08NE94
922,Parke,Gerrad,pgerradpl@ovh.net,Male,6KF6UG5DG43
923,Celene,Keynd,ckeyndpm@sciencedaily.com,Female,1D68FW6FX66
924,Johnny,Skirving,jskirvingpn@moonfruit.com,Bigender,2RD1WP7RK35
925,Ferrell,Coghlin,fcoghlinpo@topsy.com,Male,7CR6CX9CG78
926,Karia,Rollinshaw,krollinshawpp@hao123.com,Female,1KT6JN2KT10
927,Liam,Kimmons,lkimmonspq@house.gov,Male,5YX4W38QE53
928,Alva,Halso,ahalsopr@salon.com,Male,1NR3P77UV44
929,Job,Ivakhno,jivakhnops@disqus.com,Polygender,5VG0DE3ET01
930,Fidel,Lafrentz,flafrentzpt@baidu.com,Male,6YT2ET6PT75
931,Retha,Scholig,rscholigpu@redcross.org,Female,2MU0VA1AT28
932,Anallese,Keune,akeunepv@about.com,Polygender,6WY9EP0GJ72
933,Brewer,Pechell,bpechellpw@techcrunch.com,Male,2F66H79GK23
934,Gregoor,Verbeke,gverbekepx@forbes.com,Male,5CW8DV1UE55
935,Marisa,Freire,mfreirepy@wisc.edu,Female,5NU9JY6NC31
936,Alford,Desouza,adesouzapz@list-manage.com,Male,6CC2R09TW28
937,Callie,Filipczak,cfilipczakq0@imdb.com,Female,3Q70UN0AC40
938,Rodie,Clayworth,rclayworthq1@technorati.com,Female,1HR2J46YX32
939,Mara,Boylan,mboylanq2@shop-pro.jp,Female,2M26TV4DN70
940,Eddy,Leupoldt,eleupoldtq3@wufoo.com,Female,9P23UV7CE64
941,Elliott,Kirsopp,ekirsoppq4@hhs.gov,Male,4G55CD5AH20
942,Bartholomeo,Farey,bfareyq5@4shared.com,Male,8C34G25DX43
943,Otis,Acklands,oacklandsq6@cargocollective.com,Male,5C57DU3XC11
944,Lonnie,Tunny,ltunnyq7@gravatar.com,Female,6JF6WU9TT73
945,Zane,Ripping,zrippingq8@cbc.ca,Non-binary,9FU8XX6QA52
946,Rowena,Rollinson,rrollinsonq9@latimes.com,Female,4E99R52GW39
947,D'arcy,Gilleson,dgillesonqa@wisc.edu,Polygender,2G60T27HH53
948,Tirrell,O'Harney,toharneyqb@fda.gov,Male,7A55E89YY57
949,Evelyn,Clowton,eclowtonqc@alibaba.com,Male,8VM9RF0XA44
950,Halimeda,Godsmark,hgodsmarkqd@networkadvertising.org,Female,1N50J55HV55
951,Nancee,Smardon,nsmardonqe@networksolutions.com,Female,9D66JM3CW82
952,Marcelle,Bonnick,mbonnickqf@github.io,Female,8C04F67VK36
953,Morty,Huggen,mhuggenqg@cdbaby.com,Male,7HP1RV6TC67
954,Angelico,Baynton,abayntonqh@nih.gov,Male,4UY7U90WN72
955,Gradeigh,Birkin,gbirkinqi@elpais.com,Male,8MX8D67MT48
956,Dannie,Salvatore,dsalvatoreqj@infoseek.co.jp,Female,7J70KK3PY32
957,Bette,MacAnespie,bmacanespieqk@oracle.com,Female,8AH0CQ4GW95
958,Gillie,Satterthwaite,gsatterthwaiteql@clickbank.net,Female,3FJ2JE9YV83
959,Perice,Cantrell,pcantrellqm@homestead.com,Male,7YQ0FG4WG25
960,Eloise,Yerborn,eyerbornqn@shinystat.com,Female,8X89TP8AH09
961,Reggie,Doone,rdooneqo@newyorker.com,Male,4UJ9CJ0JV38
962,Dennis,Hillett,dhillettqp@europa.eu,Genderfluid,1QT6QU6UV72
963,Agnola,Titta,atittaqq@t.co,Female,2KH9XH4FX91
964,Sandro,Cawsey,scawseyqr@twitpic.com,Male,6WM7EN6NK92
965,Ramsey,Gadsby,rgadsbyqs@google.pl,Male,9AN4AU5WJ27
966,Lamond,Craighall,lcraighallqt@hhs.gov,Male,5XW0F92MN82
967,Silvia,Rand,srandqu@bbc.co.uk,Female,1EA7WA8DK15
968,Wald,Sesser,wsesserqv@gravatar.com,Male,5TD5G19GT78
969,Deeann,Arnet,darnetqw@linkedin.com,Female,7CJ5YA8MU64
970,Byrom,Strowger,bstrowgerqx@dion.ne.jp,Male,1NP0M88EE09
971,Yolanda,Matushenko,ymatushenkoqy@slashdot.org,Female,9GU3HK2YX17
972,Cynde,Maxwale,cmaxwaleqz@amazon.co.uk,Female,8UY8NJ7WU81
973,Gaultiero,Soanes,gsoanesr0@1688.com,Male,8UE7TM5AG49
974,Gregoire,Brister,gbristerr1@netscape.com,Male,2WM4WP9EP43
975,Isac,Spadaro,ispadaror2@deviantart.com,Male,9UF0TY5DY47
976,Lazarus,Brookson,lbrooksonr3@netscape.com,Male,6NY2HD5UK23
977,Wandis,Purchall,wpurchallr4@altervista.org,Female,2A17QF0MP17
978,Noah,Lob,nlobr5@cnet.com,Male,9DT2MQ8NA86
979,Lacee,Dank,ldankr6@alexa.com,Female,1WR8FH7PW48
980,Holly,Doge,hdoger7@nsw.gov.au,Male,4A16HN5WD78
981,Foster,Flood,ffloodr8@rakuten.co.jp,Male,3D90XU4HW99
982,Lanni,Shera,lsherar9@cocolog-nifty.com,Female,9NX6EU5KE96
983,Porty,Screase,pscreasera@dagondesign.com,Male,5VU0YD8PN67
984,Jase,Beals,jbealsrb@phoca.cz,Male,8K31AT0MU20
985,Eryn,Laister,elaisterrc@reuters.com,Female,5EC2YK5TT51
986,Adelice,Potteridge,apotteridgerd@51.la,Female,1JJ3AD0TG34
987,Adriana,Boosey,abooseyre@g.co,Female,1Y68V55TK99
988,Curtis,Creffield,ccreffieldrf@sina.com.cn,Male,2EK2X07QD23
989,Latashia,Hawyes,lhawyesrg@ucsd.edu,Female,6AH2UJ3DQ12
990,Esther,Jouen,ejouenrh@sourceforge.net,Female,9MK1ER1UQ52
991,Thurston,Grishanov,tgrishanovri@reverbnation.com,Male,8Y51U75TH21
992,Powell,Maffione,pmaffionerj@bloomberg.com,Male,4FQ9C43CE62
993,Artemas,Blevin,ablevinrk@dailymotion.com,Male,1D38KH6UP18
994,Kain,Talbot,ktalbotrl@guardian.co.uk,Male,1RK3DE0UY70
995,Trey,Sparway,tsparwayrm@google.com.br,Male,2UV0G14MJ56
996,Joane,Gundrey,jgundreyrn@example.com,Polygender,2RV9EU8CF56
997,Johann,Caisley,jcaisleyro@pagesperso-orange.fr,Male,1FT5DY7VT95
998,Thedrick,Extence,textencerp@webnode.com,Male,6CM0CE5TV90
999,Luis,Buckett,lbuckettrq@slate.com,Male,3TW2DR6JE48
1000,Arny,Khosa,akhosarr@youtu.be,Male,3WN3K77DV93
